feature,importance
Eosinophils,0.38327043409897255
Shortness of breath on stairs,0.23264880629459092
Child was overweight,0.16033440695306364
Gender,0.14579861500745142
Mother smoked when pregnant,0.07794773764592142
