,precision,recall,f1-score,support
Childhood_Onset,0.8602844759894972,0.7643450305257163,0.8094819913389707,11004920.749052996
Adult_Onset,0.6211488049652778,0.7568398425898042,0.6823135511440769,5618062.000327996
accuracy,0.7618085055359616,0.7618085055359616,0.7618085055359616,0.7618085055359616
macro avg,0.7407166404773875,0.7605924365577603,0.7458977712415238,16622982.74938099
weighted avg,0.779463900852094,0.7618085055359616,0.7665029308255066,16622982.74938099
