,Predicted_Childhood,Predicted_Adult
Actual_Childhood,8411556.485868001,2593364.2631850005
Actual_Adult,1366088.8403399999,4251973.159988001
