feature,importance
Eosinophils,0.5843674644007166
Shortness of breath on stairs,0.14576894844762223
Gender,0.12920713507922144
Child was overweight,0.0927146083363756
Mother smoked when pregnant,0.04794184373606399
